<?xml version="1.0" encoding="UTF-8"?>
<project-private xmlns="http://www.netbeans.org/ns/project-private/1">
    <editor-bookmarks xmlns="http://www.netbeans.org/ns/editor-bookmarks/2" lastBookmarkId="0"/>
    <open-files xmlns="http://www.netbeans.org/ns/projectui-open-files/2">
        <group>
            <file>file:/C:/OpenServer/domains/localhost/orbita/views/attribute/index.php</file>
            <file>file:/C:/OpenServer/domains/localhost/orbita/models/Person.php</file>
            <file>file:/C:/OpenServer/domains/localhost/orbita/models/Organization.php</file>
            <file>file:/C:/OpenServer/domains/localhost/orbita/models/SearchModel.php</file>
            <file>file:/C:/OpenServer/domains/localhost/orbita/controllers/SearchController.php</file>
        </group>
    </open-files>
</project-private>
